openTime, openTimeStamp, open, high, low, close, volume, closeTime, closeTimeStamp, quoteAssetVolume, numberOfTrades, takerBuyBase, takerBuyQuote, IGNORE
1642694400000,2022 01 20 17:00:00,1.403,1.427,1.398,1.407,2.038793E7,1642698000000,2022 01 20 18:00:00,0.0,0,0.0,0.0,0.0
1642698000000,2022 01 20 18:00:00,1.406,1.415,1.393,1.406,1.0681928E7,1642701600000,2022 01 20 19:00:00,0.0,0,0.0,0.0,0.0
1642701600000,2022 01 20 19:00:00,1.406,1.408,1.377,1.38,9047093.0,1642705200000,2022 01 20 20:00:00,0.0,0,0.0,0.0,0.0
1642705200000,2022 01 20 20:00:00,1.381,1.396,1.379,1.384,7117385.5,1642708800000,2022 01 20 21:00:00,0.0,0,0.0,0.0,0.0
1642708800000,2022 01 20 21:00:00,1.385,1.403,1.379,1.387,7026630.0,1642712400000,2022 01 20 22:00:00,0.0,0,0.0,0.0,0.0
1642712400000,2022 01 20 22:00:00,1.387,1.392,1.356,1.364,9644825.0,1642716000000,2022 01 20 23:00:00,0.0,0,0.0,0.0,0.0
1642716000000,2022 01 20 23:00:00,1.364,1.366,1.284,1.285,2.5504528E7,1642719600000,2022 01 21 00:00:00,0.0,0,0.0,0.0,0.0
1642719600000,2022 01 21 00:00:00,1.286,1.307,1.258,1.286,2.7339262E7,1642723200000,2022 01 21 01:00:00,0.0,0,0.0,0.0,0.0
1642723200000,2022 01 21 01:00:00,1.285,1.287,1.251,1.259,1.4972195E7,1642726800000,2022 01 21 02:00:00,0.0,0,0.0,0.0,0.0
1642726800000,2022 01 21 02:00:00,1.259,1.282,1.243,1.27,2.1324338E7,1642730400000,2022 01 21 03:00:00,0.0,0,0.0,0.0,0.0
1642730400000,2022 01 21 03:00:00,1.269,1.273,1.212,1.214,2.1092368E7,1642734000000,2022 01 21 04:00:00,0.0,0,0.0,0.0,0.0
1642734000000,2022 01 21 04:00:00,1.215,1.255,1.211,1.238,2.2240222E7,1642737600000,2022 01 21 05:00:00,0.0,0,0.0,0.0,0.0
1642737600000,2022 01 21 05:00:00,1.238,1.246,1.2,1.207,2.6239976E7,1642741200000,2022 01 21 06:00:00,0.0,0,0.0,0.0,0.0
1642741200000,2022 01 21 06:00:00,1.207,1.226,1.206,1.22,1.4359094E7,1642744800000,2022 01 21 07:00:00,0.0,0,0.0,0.0,0.0
1642744800000,2022 01 21 07:00:00,1.22,1.238,1.213,1.232,8898923.0,1642748400000,2022 01 21 08:00:00,0.0,0,0.0,0.0,0.0
1642748400000,2022 01 21 08:00:00,1.232,1.236,1.223,1.232,1.0221862E7,1642752000000,2022 01 21 09:00:00,0.0,0,0.0,0.0,0.0
1642752000000,2022 01 21 09:00:00,1.233,1.245,1.227,1.242,8522188.0,1642755600000,2022 01 21 10:00:00,0.0,0,0.0,0.0,0.0
1642755600000,2022 01 21 10:00:00,1.242,1.244,1.232,1.238,9879656.0,1642759200000,2022 01 21 11:00:00,0.0,0,0.0,0.0,0.0
1642759200000,2022 01 21 11:00:00,1.238,1.239,1.221,1.228,7746666.0,1642762800000,2022 01 21 12:00:00,0.0,0,0.0,0.0,0.0
1642762800000,2022 01 21 12:00:00,1.229,1.241,1.225,1.236,6168132.0,1642766400000,2022 01 21 13:00:00,0.0,0,0.0,0.0,0.0
1642766400000,2022 01 21 13:00:00,1.235,1.236,1.207,1.217,1.1333205E7,1642770000000,2022 01 21 14:00:00,0.0,0,0.0,0.0,0.0
1642770000000,2022 01 21 14:00:00,1.217,1.219,1.164,1.188,3.6966348E7,1642773600000,2022 01 21 15:00:00,0.0,0,0.0,0.0,0.0
1642773600000,2022 01 21 15:00:00,1.188,1.204,1.18,1.193,1.796624E7,1642777200000,2022 01 21 16:00:00,0.0,0,0.0,0.0,0.0
1642777200000,2022 01 21 16:00:00,1.192,1.211,1.181,1.196,1.4702481E7,1642780800000,2022 01 21 17:00:00,0.0,0,0.0,0.0,0.0
1642780800000,2022 01 21 17:00:00,1.195,1.221,1.181,1.213,1.5157542E7,1642784400000,2022 01 21 18:00:00,0.0,0,0.0,0.0,0.0
1642784400000,2022 01 21 18:00:00,1.213,1.223,1.198,1.206,9864162.0,1642788000000,2022 01 21 19:00:00,0.0,0,0.0,0.0,0.0
1642788000000,2022 01 21 19:00:00,1.206,1.211,1.191,1.197,9005514.0,1642791600000,2022 01 21 20:00:00,0.0,0,0.0,0.0,0.0
1642791600000,2022 01 21 20:00:00,1.196,1.213,1.179,1.195,1.9088634E7,1642795200000,2022 01 21 21:00:00,0.0,0,0.0,0.0,0.0
1642795200000,2022 01 21 21:00:00,1.195,1.206,1.183,1.184,1.0480952E7,1642798800000,2022 01 21 22:00:00,0.0,0,0.0,0.0,0.0
1642798800000,2022 01 21 22:00:00,1.184,1.196,1.167,1.191,1.9636032E7,1642802400000,2022 01 21 23:00:00,0.0,0,0.0,0.0,0.0
1642802400000,2022 01 21 23:00:00,1.191,1.211,1.11,1.141,4.219014E7,1642806000000,2022 01 22 00:00:00,0.0,0,0.0,0.0,0.0
1642806000000,2022 01 22 00:00:00,1.141,1.157,1.101,1.129,2.3561222E7,1642809600000,2022 01 22 01:00:00,0.0,0,0.0,0.0,0.0
1642809600000,2022 01 22 01:00:00,1.129,1.147,1.111,1.12,2.187363E7,1642813200000,2022 01 22 02:00:00,0.0,0,0.0,0.0,0.0
1642813200000,2022 01 22 02:00:00,1.12,1.144,1.114,1.128,1.1643435E7,1642816800000,2022 01 22 03:00:00,0.0,0,0.0,0.0,0.0
1642816800000,2022 01 22 03:00:00,1.127,1.144,1.12,1.139,8957964.0,1642820400000,2022 01 22 04:00:00,0.0,0,0.0,0.0,0.0
1642820400000,2022 01 22 04:00:00,1.139,1.149,1.128,1.143,7705658.5,1642824000000,2022 01 22 05:00:00,0.0,0,0.0,0.0,0.0
1642824000000,2022 01 22 05:00:00,1.143,1.155,1.121,1.136,1.1416431E7,1642827600000,2022 01 22 06:00:00,0.0,0,0.0,0.0,0.0
1642827600000,2022 01 22 06:00:00,1.135,1.142,1.124,1.131,6279362.5,1642831200000,2022 01 22 07:00:00,0.0,0,0.0,0.0,0.0
1642831200000,2022 01 22 07:00:00,1.131,1.131,1.067,1.083,2.4865794E7,1642834800000,2022 01 22 08:00:00,0.0,0,0.0,0.0,0.0
1642834800000,2022 01 22 08:00:00,1.083,1.096,1.053,1.071,2.825153E7,1642838400000,2022 01 22 09:00:00,0.0,0,0.0,0.0,0.0
1642838400000,2022 01 22 09:00:00,1.071,1.08,1.025,1.033,2.9325012E7,1642842000000,2022 01 22 10:00:00,0.0,0,0.0,0.0,0.0
1642842000000,2022 01 22 10:00:00,1.032,1.055,1.032,1.038,1.4322883E7,1642845600000,2022 01 22 11:00:00,0.0,0,0.0,0.0,0.0
1642845600000,2022 01 22 11:00:00,1.038,1.05,1.0012,1.004,2.9394592E7,1642849200000,2022 01 22 12:00:00,0.0,0,0.0,0.0,0.0
1642849200000,2022 01 22 12:00:00,1.004,1.041,0.917,1.039,9.3091632E7,1642852800000,2022 01 22 13:00:00,0.0,0,0.0,0.0,0.0
1642852800000,2022 01 22 13:00:00,1.039,1.044,1.005,1.028,2.9344808E7,1642856400000,2022 01 22 14:00:00,0.0,0,0.0,0.0,0.0
1642856400000,2022 01 22 14:00:00,1.028,1.105,1.021,1.095,3.288243E7,1642860000000,2022 01 22 15:00:00,0.0,0,0.0,0.0,0.0
1642860000000,2022 01 22 15:00:00,1.095,1.145,1.079,1.116,4.6368816E7,1642863600000,2022 01 22 16:00:00,0.0,0,0.0,0.0,0.0
1642863600000,2022 01 22 16:00:00,1.116,1.119,1.065,1.07,2.447794E7,1642867200000,2022 01 22 17:00:00,0.0,0,0.0,0.0,0.0
1642867200000,2022 01 22 17:00:00,1.069,1.11,1.053,1.054,2.810451E7,1642870800000,2022 01 22 18:00:00,0.0,0,0.0,0.0,0.0
1642870800000,2022 01 22 18:00:00,1.055,1.11,1.047,1.075,2.4628514E7,1642874400000,2022 01 22 19:00:00,0.0,0,0.0,0.0,0.0
1642874400000,2022 01 22 19:00:00,1.075,1.087,1.045,1.056,1.5296669E7,1642878000000,2022 01 22 20:00:00,0.0,0,0.0,0.0,0.0
1642878000000,2022 01 22 20:00:00,1.056,1.063,1.032,1.033,1.6482848E7,1642881600000,2022 01 22 21:00:00,0.0,0,0.0,0.0,0.0
1642881600000,2022 01 22 21:00:00,1.034,1.052,1.021,1.029,1.5575089E7,1642885200000,2022 01 22 22:00:00,0.0,0,0.0,0.0,0.0
1642885200000,2022 01 22 22:00:00,1.03,1.1,1.024,1.082,3.0218014E7,1642888800000,2022 01 22 23:00:00,0.0,0,0.0,0.0,0.0
1642888800000,2022 01 22 23:00:00,1.081,1.105,1.072,1.091,1.1505447E7,1642892400000,2022 01 23 00:00:00,0.0,0,0.0,0.0,0.0
1642892400000,2022 01 23 00:00:00,1.09,1.092,1.054,1.058,7789304.0,1642896000000,2022 01 23 01:00:00,0.0,0,0.0,0.0,0.0
1642896000000,2022 01 23 01:00:00,1.058,1.076,1.05,1.071,6359026.0,1642899600000,2022 01 23 02:00:00,0.0,0,0.0,0.0,0.0
1642899600000,2022 01 23 02:00:00,1.071,1.1,1.061,1.099,9957600.0,1642903200000,2022 01 23 03:00:00,0.0,0,0.0,0.0,0.0
1642903200000,2022 01 23 03:00:00,1.099,1.1,1.082,1.084,6825167.0,1642906800000,2022 01 23 04:00:00,0.0,0,0.0,0.0,0.0
1642906800000,2022 01 23 04:00:00,1.083,1.084,1.051,1.054,7603186.0,1642910400000,2022 01 23 05:00:00,0.0,0,0.0,0.0,0.0
1642910400000,2022 01 23 05:00:00,1.053,1.07,1.053,1.067,6957883.5,1642914000000,2022 01 23 06:00:00,0.0,0,0.0,0.0,0.0
1642914000000,2022 01 23 06:00:00,1.068,1.088,1.063,1.086,7669907.0,1642917600000,2022 01 23 07:00:00,0.0,0,0.0,0.0,0.0
1642917600000,2022 01 23 07:00:00,1.086,1.114,1.069,1.107,1.5214222E7,1642921200000,2022 01 23 08:00:00,0.0,0,0.0,0.0,0.0
1642921200000,2022 01 23 08:00:00,1.108,1.113,1.097,1.104,1.119287E7,1642924800000,2022 01 23 09:00:00,0.0,0,0.0,0.0,0.0
1642924800000,2022 01 23 09:00:00,1.104,1.133,1.097,1.119,1.449711E7,1642928400000,2022 01 23 10:00:00,0.0,0,0.0,0.0,0.0
1642928400000,2022 01 23 10:00:00,1.119,1.136,1.113,1.127,1.4547346E7,1642932000000,2022 01 23 11:00:00,0.0,0,0.0,0.0,0.0
1642932000000,2022 01 23 11:00:00,1.127,1.17,1.123,1.151,2.1706606E7,1642935600000,2022 01 23 12:00:00,0.0,0,0.0,0.0,0.0
1642935600000,2022 01 23 12:00:00,1.151,1.158,1.133,1.14,1.2076223E7,1642939200000,2022 01 23 13:00:00,0.0,0,0.0,0.0,0.0
1642939200000,2022 01 23 13:00:00,1.141,1.144,1.114,1.12,9051279.0,1642942800000,2022 01 23 14:00:00,0.0,0,0.0,0.0,0.0
1642942800000,2022 01 23 14:00:00,1.121,1.128,1.104,1.124,8054081.0,1642946400000,2022 01 23 15:00:00,0.0,0,0.0,0.0,0.0
1642946400000,2022 01 23 15:00:00,1.125,1.134,1.11,1.129,7580897.5,1642950000000,2022 01 23 16:00:00,0.0,0,0.0,0.0,0.0
1642950000000,2022 01 23 16:00:00,1.129,1.136,1.077,1.091,1.498322E7,1642953600000,2022 01 23 17:00:00,0.0,0,0.0,0.0,0.0
1642953600000,2022 01 23 17:00:00,1.091,1.101,1.082,1.094,8812958.0,1642957200000,2022 01 23 18:00:00,0.0,0,0.0,0.0,0.0
1642957200000,2022 01 23 18:00:00,1.094,1.115,1.091,1.097,1.2386464E7,1642960800000,2022 01 23 19:00:00,0.0,0,0.0,0.0,0.0
1642960800000,2022 01 23 19:00:00,1.097,1.11,1.093,1.105,4491919.0,1642964400000,2022 01 23 20:00:00,0.0,0,0.0,0.0,0.0
1642964400000,2022 01 23 20:00:00,1.105,1.106,1.062,1.069,1.4846507E7,1642968000000,2022 01 23 21:00:00,0.0,0,0.0,0.0,0.0
1642968000000,2022 01 23 21:00:00,1.069,1.078,1.051,1.058,1.1233162E7,1642971600000,2022 01 23 22:00:00,0.0,0,0.0,0.0,0.0
1642971600000,2022 01 23 22:00:00,1.058,1.083,1.053,1.075,9115991.0,1642975200000,2022 01 23 23:00:00,0.0,0,0.0,0.0,0.0
1642975200000,2022 01 23 23:00:00,1.075,1.083,1.063,1.068,6488453.0,1642978800000,2022 01 24 00:00:00,0.0,0,0.0,0.0,0.0
1642978800000,2022 01 24 00:00:00,1.067,1.082,1.062,1.08,4543635.0,1642982400000,2022 01 24 01:00:00,0.0,0,0.0,0.0,0.0
1642982400000,2022 01 24 01:00:00,1.08,1.14,1.077,1.124,1.7311244E7,1642986000000,2022 01 24 02:00:00,0.0,0,0.0,0.0,0.0
1642986000000,2022 01 24 02:00:00,1.124,1.125,1.089,1.097,1.052995E7,1642989600000,2022 01 24 03:00:00,0.0,0,0.0,0.0,0.0
1642989600000,2022 01 24 03:00:00,1.097,1.108,1.076,1.079,6648196.5,1642993200000,2022 01 24 04:00:00,0.0,0,0.0,0.0,0.0
1642993200000,2022 01 24 04:00:00,1.078,1.082,1.066,1.066,5500998.5,1642996800000,2022 01 24 05:00:00,0.0,0,0.0,0.0,0.0
1642996800000,2022 01 24 05:00:00,1.067,1.079,1.065,1.073,3641949.5,1643000400000,2022 01 24 06:00:00,0.0,0,0.0,0.0,0.0
1643000400000,2022 01 24 06:00:00,1.073,1.081,1.061,1.065,3915675.0,1643004000000,2022 01 24 07:00:00,0.0,0,0.0,0.0,0.0
1643004000000,2022 01 24 07:00:00,1.065,1.065,1.044,1.061,6855333.0,1643007600000,2022 01 24 08:00:00,0.0,0,0.0,0.0,0.0
1643007600000,2022 01 24 08:00:00,1.061,1.068,1.053,1.061,4119039.5,1643011200000,2022 01 24 09:00:00,0.0,0,0.0,0.0,0.0
1643011200000,2022 01 24 09:00:00,1.061,1.062,1.026,1.029,1.1455764E7,1643014800000,2022 01 24 10:00:00,0.0,0,0.0,0.0,0.0
1643014800000,2022 01 24 10:00:00,1.03,1.059,1.028,1.037,1.5285809E7,1643018400000,2022 01 24 11:00:00,0.0,0,0.0,0.0,0.0
1643018400000,2022 01 24 11:00:00,1.036,1.041,1.001,1.011,2.3181732E7,1643022000000,2022 01 24 12:00:00,0.0,0,0.0,0.0,0.0
1643022000000,2022 01 24 12:00:00,1.012,1.018,0.966,0.967,4.3069692E7,1643025600000,2022 01 24 13:00:00,0.0,0,0.0,0.0,0.0
1643025600000,2022 01 24 13:00:00,0.967,1.013,0.962,0.983,2.7922048E7,1643029200000,2022 01 24 14:00:00,0.0,0,0.0,0.0,0.0
1643029200000,2022 01 24 14:00:00,0.982,0.992,0.951,0.96,2.3943784E7,1643032800000,2022 01 24 15:00:00,0.0,0,0.0,0.0,0.0
1643032800000,2022 01 24 15:00:00,0.959,0.981,0.952,0.96,2.905113E7,1643036400000,2022 01 24 16:00:00,0.0,0,0.0,0.0,0.0
1643036400000,2022 01 24 16:00:00,0.961,1.022,0.955,0.995,3.3419894E7,1643040000000,2022 01 24 17:00:00,0.0,0,0.0,0.0,0.0
1643040000000,2022 01 24 17:00:00,0.995,1.029,0.976,1.02,3.6469836E7,1643043600000,2022 01 24 18:00:00,0.0,0,0.0,0.0,0.0
1643043600000,2022 01 24 18:00:00,1.021,1.036,0.989,1.008,2.576754E7,1643047200000,2022 01 24 19:00:00,0.0,0,0.0,0.0,0.0
1643047200000,2022 01 24 19:00:00,1.009,1.045,0.988,1.029,2.6663638E7,1643050800000,2022 01 24 20:00:00,0.0,0,0.0,0.0,0.0
1643050800000,2022 01 24 20:00:00,1.029,1.064,1.021,1.045,2.5744554E7,1643054400000,2022 01 24 21:00:00,0.0,0,0.0,0.0,0.0
1643054400000,2022 01 24 21:00:00,1.044,1.079,1.042,1.061,2.7844562E7,1643058000000,2022 01 24 22:00:00,0.0,0,0.0,0.0,0.0
1643058000000,2022 01 24 22:00:00,1.061,1.11,1.053,1.098,2.1830428E7,1643061600000,2022 01 24 23:00:00,0.0,0,0.0,0.0,0.0
1643061600000,2022 01 24 23:00:00,1.098,1.099,1.071,1.079,1.2268628E7,1643065200000,2022 01 25 00:00:00,0.0,0,0.0,0.0,0.0
1643065200000,2022 01 25 00:00:00,1.078,1.081,1.055,1.057,6892651.5,1643068800000,2022 01 25 01:00:00,0.0,0,0.0,0.0,0.0
1643068800000,2022 01 25 01:00:00,1.057,1.075,1.056,1.065,5387485.5,1643072400000,2022 01 25 02:00:00,0.0,0,0.0,0.0,0.0
1643072400000,2022 01 25 02:00:00,1.066,1.069,1.041,1.042,9321828.0,1643076000000,2022 01 25 03:00:00,0.0,0,0.0,0.0,0.0
1643076000000,2022 01 25 03:00:00,1.042,1.052,1.03,1.034,7547877.5,1643079600000,2022 01 25 04:00:00,0.0,0,0.0,0.0,0.0
1643079600000,2022 01 25 04:00:00,1.034,1.045,1.031,1.044,4323474.0,1643083200000,2022 01 25 05:00:00,0.0,0,0.0,0.0,0.0
1643083200000,2022 01 25 05:00:00,1.044,1.049,1.037,1.048,4581314.0,1643086800000,2022 01 25 06:00:00,0.0,0,0.0,0.0,0.0
1643086800000,2022 01 25 06:00:00,1.048,1.051,1.024,1.026,4488758.5,1643090400000,2022 01 25 07:00:00,0.0,0,0.0,0.0,0.0
1643090400000,2022 01 25 07:00:00,1.027,1.03,1.012,1.019,6420777.0,1643094000000,2022 01 25 08:00:00,0.0,0,0.0,0.0,0.0
1643094000000,2022 01 25 08:00:00,1.02,1.024,1.008,1.008,6828736.0,1643097600000,2022 01 25 09:00:00,0.0,0,0.0,0.0,0.0
1643097600000,2022 01 25 09:00:00,1.009,1.016,0.991,1.015,1.4028798E7,1643101200000,2022 01 25 10:00:00,0.0,0,0.0,0.0,0.0
1643101200000,2022 01 25 10:00:00,1.016,1.032,1.012,1.02,1.3102698E7,1643104800000,2022 01 25 11:00:00,0.0,0,0.0,0.0,0.0
1643104800000,2022 01 25 11:00:00,1.021,1.04,1.015,1.037,1.046814E7,1643108400000,2022 01 25 12:00:00,0.0,0,0.0,0.0,0.0
1643108400000,2022 01 25 12:00:00,1.037,1.055,1.03,1.036,1.0072663E7,1643112000000,2022 01 25 13:00:00,0.0,0,0.0,0.0,0.0
1643112000000,2022 01 25 13:00:00,1.035,1.042,1.022,1.03,8240060.5,1643115600000,2022 01 25 14:00:00,0.0,0,0.0,0.0,0.0
1643115600000,2022 01 25 14:00:00,1.031,1.04,1.013,1.029,1.1912749E7,1643119200000,2022 01 25 15:00:00,0.0,0,0.0,0.0,0.0
1643119200000,2022 01 25 15:00:00,1.03,1.033,1.02,1.031,6338242.5,1643122800000,2022 01 25 16:00:00,0.0,0,0.0,0.0,0.0
1643122800000,2022 01 25 16:00:00,1.031,1.053,1.017,1.019,1.6720492E7,1643126400000,2022 01 25 17:00:00,0.0,0,0.0,0.0,0.0
1643126400000,2022 01 25 17:00:00,1.02,1.039,1.003,1.028,1.6961424E7,1643130000000,2022 01 25 18:00:00,0.0,0,0.0,0.0,0.0
1643130000000,2022 01 25 18:00:00,1.029,1.047,1.026,1.039,8721833.0,1643133600000,2022 01 25 19:00:00,0.0,0,0.0,0.0,0.0
1643133600000,2022 01 25 19:00:00,1.04,1.058,1.038,1.051,1.2505025E7,1643137200000,2022 01 25 20:00:00,0.0,0,0.0,0.0,0.0
1643137200000,2022 01 25 20:00:00,1.052,1.074,1.043,1.073,9712200.0,1643140800000,2022 01 25 21:00:00,0.0,0,0.0,0.0,0.0
1643140800000,2022 01 25 21:00:00,1.074,1.074,1.051,1.057,1.1030137E7,1643144400000,2022 01 25 22:00:00,0.0,0,0.0,0.0,0.0
1643144400000,2022 01 25 22:00:00,1.056,1.058,1.034,1.04,9658067.0,1643148000000,2022 01 25 23:00:00,0.0,0,0.0,0.0,0.0
1643148000000,2022 01 25 23:00:00,1.04,1.041,1.021,1.027,7587752.5,1643151600000,2022 01 26 00:00:00,0.0,0,0.0,0.0,0.0
1643151600000,2022 01 26 00:00:00,1.028,1.036,1.025,1.036,3546073.0,1643155200000,2022 01 26 01:00:00,0.0,0,0.0,0.0,0.0
1643155200000,2022 01 26 01:00:00,1.036,1.05,1.033,1.043,4709213.5,1643158800000,2022 01 26 02:00:00,0.0,0,0.0,0.0,0.0
1643158800000,2022 01 26 02:00:00,1.043,1.047,1.023,1.028,7447831.5,1643162400000,2022 01 26 03:00:00,0.0,0,0.0,0.0,0.0
1643162400000,2022 01 26 03:00:00,1.029,1.038,1.022,1.035,5295028.5,1643166000000,2022 01 26 04:00:00,0.0,0,0.0,0.0,0.0
1643166000000,2022 01 26 04:00:00,1.036,1.044,1.03,1.03,3992018.5,1643169600000,2022 01 26 05:00:00,0.0,0,0.0,0.0,0.0
1643169600000,2022 01 26 05:00:00,1.03,1.051,1.03,1.048,4553159.0,1643173200000,2022 01 26 06:00:00,0.0,0,0.0,0.0,0.0
1643173200000,2022 01 26 06:00:00,1.049,1.062,1.043,1.062,5451770.0,1643176800000,2022 01 26 07:00:00,0.0,0,0.0,0.0,0.0
1643176800000,2022 01 26 07:00:00,1.062,1.064,1.05,1.055,4694271.5,1643180400000,2022 01 26 08:00:00,0.0,0,0.0,0.0,0.0
1643180400000,2022 01 26 08:00:00,1.055,1.057,1.035,1.037,7489259.5,1643184000000,2022 01 26 09:00:00,0.0,0,0.0,0.0,0.0
1643184000000,2022 01 26 09:00:00,1.037,1.043,1.028,1.042,5488756.0,1643187600000,2022 01 26 10:00:00,0.0,0,0.0,0.0,0.0
1643187600000,2022 01 26 10:00:00,1.041,1.055,1.041,1.051,4797856.0,1643191200000,2022 01 26 11:00:00,0.0,0,0.0,0.0,0.0
1643191200000,2022 01 26 11:00:00,1.051,1.068,1.047,1.052,7679750.0,1643194800000,2022 01 26 12:00:00,0.0,0,0.0,0.0,0.0
1643194800000,2022 01 26 12:00:00,1.052,1.069,1.045,1.064,5980745.0,1643198400000,2022 01 26 13:00:00,0.0,0,0.0,0.0,0.0
1643198400000,2022 01 26 13:00:00,1.065,1.072,1.057,1.071,8047051.5,1643202000000,2022 01 26 14:00:00,0.0,0,0.0,0.0,0.0
1643202000000,2022 01 26 14:00:00,1.07,1.107,1.063,1.096,2.8778804E7,1643205600000,2022 01 26 15:00:00,0.0,0,0.0,0.0,0.0
1643205600000,2022 01 26 15:00:00,1.095,1.116,1.077,1.109,1.7309248E7,1643209200000,2022 01 26 16:00:00,0.0,0,0.0,0.0,0.0
1643209200000,2022 01 26 16:00:00,1.108,1.129,1.104,1.113,1.7591976E7,1643212800000,2022 01 26 17:00:00,0.0,0,0.0,0.0,0.0
1643212800000,2022 01 26 17:00:00,1.114,1.125,1.093,1.106,1.7346E7,1643216400000,2022 01 26 18:00:00,0.0,0,0.0,0.0,0.0
1643216400000,2022 01 26 18:00:00,1.107,1.12,1.103,1.118,8234213.5,1643220000000,2022 01 26 19:00:00,0.0,0,0.0,0.0,0.0
1643220000000,2022 01 26 19:00:00,1.119,1.121,1.087,1.094,9547571.0,1643223600000,2022 01 26 20:00:00,0.0,0,0.0,0.0,0.0
1643223600000,2022 01 26 20:00:00,1.094,1.111,1.069,1.101,1.9740238E7,1643227200000,2022 01 26 21:00:00,0.0,0,0.0,0.0,0.0
1643227200000,2022 01 26 21:00:00,1.101,1.157,1.099,1.121,6.79614E7,1643230800000,2022 01 26 22:00:00,0.0,0,0.0,0.0,0.0
1643230800000,2022 01 26 22:00:00,1.121,1.122,1.073,1.088,2.9939576E7,1643234400000,2022 01 26 23:00:00,0.0,0,0.0,0.0,0.0
1643234400000,2022 01 26 23:00:00,1.089,1.105,1.036,1.037,2.2493434E7,1643238000000,2022 01 27 00:00:00,0.0,0,0.0,0.0,0.0
1643238000000,2022 01 27 00:00:00,1.037,1.068,1.03,1.065,1.3419781E7,1643241600000,2022 01 27 01:00:00,0.0,0,0.0,0.0,0.0
1643241600000,2022 01 27 01:00:00,1.077,1.08,1.063,1.077,7490287.0,1643245200000,2022 01 27 02:00:00,0.0,0,0.0,0.0,0.0
1643245200000,2022 01 27 02:00:00,1.077,1.078,1.029,1.031,1.2050228E7,1643248800000,2022 01 27 03:00:00,0.0,0,0.0,0.0,0.0
1643248800000,2022 01 27 03:00:00,1.031,1.034,1.015,1.032,9137183.0,1643252400000,2022 01 27 04:00:00,0.0,0,0.0,0.0,0.0
1643252400000,2022 01 27 04:00:00,1.032,1.042,1.004,1.015,1.0378111E7,1643256000000,2022 01 27 05:00:00,0.0,0,0.0,0.0,0.0
1643256000000,2022 01 27 05:00:00,1.015,1.031,1.011,1.024,7260324.0,1643259600000,2022 01 27 06:00:00,0.0,0,0.0,0.0,0.0
1643259600000,2022 01 27 06:00:00,1.024,1.034,1.022,1.025,4825392.5,1643263200000,2022 01 27 07:00:00,0.0,0,0.0,0.0,0.0
1643263200000,2022 01 27 07:00:00,1.026,1.04,1.019,1.039,4280568.0,1643266800000,2022 01 27 08:00:00,0.0,0,0.0,0.0,0.0
1643266800000,2022 01 27 08:00:00,1.039,1.056,1.033,1.043,6990605.5,1643270400000,2022 01 27 09:00:00,0.0,0,0.0,0.0,0.0
1643270400000,2022 01 27 09:00:00,1.044,1.06,1.03,1.056,8455895.0,1643274000000,2022 01 27 10:00:00,0.0,0,0.0,0.0,0.0
1643274000000,2022 01 27 10:00:00,1.056,1.06,1.049,1.053,5157974.0,1643277600000,2022 01 27 11:00:00,0.0,0,0.0,0.0,0.0
1643277600000,2022 01 27 11:00:00,1.052,1.059,1.034,1.038,5997941.5,1643281200000,2022 01 27 12:00:00,0.0,0,0.0,0.0,0.0
1643281200000,2022 01 27 12:00:00,1.038,1.055,1.037,1.05,4420317.5,1643284800000,2022 01 27 13:00:00,0.0,0,0.0,0.0,0.0
1643284800000,2022 01 27 13:00:00,1.051,1.058,1.044,1.051,4520273.0,1643288400000,2022 01 27 14:00:00,0.0,0,0.0,0.0,0.0
1643288400000,2022 01 27 14:00:00,1.052,1.06,1.046,1.056,6282783.0,1643292000000,2022 01 27 15:00:00,0.0,0,0.0,0.0,0.0
1643292000000,2022 01 27 15:00:00,1.056,1.078,1.055,1.062,1.240302E7,1643295600000,2022 01 27 16:00:00,0.0,0,0.0,0.0,0.0
1643295600000,2022 01 27 16:00:00,1.063,1.07,1.042,1.05,8790715.0,1643299200000,2022 01 27 17:00:00,0.0,0,0.0,0.0,0.0
1643299200000,2022 01 27 17:00:00,1.049,1.062,1.039,1.044,9390139.0,1643302800000,2022 01 27 18:00:00,0.0,0,0.0,0.0,0.0
1643302800000,2022 01 27 18:00:00,1.044,1.047,1.025,1.033,1.0565816E7,1643306400000,2022 01 27 19:00:00,0.0,0,0.0,0.0,0.0
1643306400000,2022 01 27 19:00:00,1.033,1.037,1.023,1.034,6094737.0,1643310000000,2022 01 27 20:00:00,0.0,0,0.0,0.0,0.0
1643310000000,2022 01 27 20:00:00,1.034,1.04,1.021,1.025,6082044.0,1643313600000,2022 01 27 21:00:00,0.0,0,0.0,0.0,0.0
1643313600000,2022 01 27 21:00:00,1.026,1.038,1.005,1.006,1.2432734E7,1643317200000,2022 01 27 22:00:00,0.0,0,0.0,0.0,0.0
1643317200000,2022 01 27 22:00:00,1.007,1.039,1.006,1.034,9414046.0,1643320800000,2022 01 27 23:00:00,0.0,0,0.0,0.0,0.0
1643320800000,2022 01 27 23:00:00,1.033,1.051,1.025,1.039,6917248.0,1643324400000,2022 01 28 00:00:00,0.0,0,0.0,0.0,0.0
1643324400000,2022 01 28 00:00:00,1.038,1.046,1.035,1.042,5182197.5,1643328000000,2022 01 28 01:00:00,0.0,0,0.0,0.0,0.0
1643328000000,2022 01 28 01:00:00,1.042,1.059,1.039,1.048,7117991.5,1643331600000,2022 01 28 02:00:00,0.0,0,0.0,0.0,0.0
1643331600000,2022 01 28 02:00:00,1.048,1.054,1.021,1.035,6423921.0,1643335200000,2022 01 28 03:00:00,0.0,0,0.0,0.0,0.0
1643335200000,2022 01 28 03:00:00,1.034,1.052,1.021,1.046,5697099.5,1643338800000,2022 01 28 04:00:00,0.0,0,0.0,0.0,0.0
1643338800000,2022 01 28 04:00:00,1.046,1.059,1.044,1.048,4842192.0,1643342400000,2022 01 28 05:00:00,0.0,0,0.0,0.0,0.0
1643342400000,2022 01 28 05:00:00,1.049,1.052,1.032,1.042,4290086.5,1643346000000,2022 01 28 06:00:00,0.0,0,0.0,0.0,0.0
1643346000000,2022 01 28 06:00:00,1.042,1.05,1.038,1.044,3090737.0,1643349600000,2022 01 28 07:00:00,0.0,0,0.0,0.0,0.0
1643349600000,2022 01 28 07:00:00,1.044,1.054,1.034,1.034,3968924.0,1643353200000,2022 01 28 08:00:00,0.0,0,0.0,0.0,0.0
1643353200000,2022 01 28 08:00:00,1.033,1.043,1.03,1.033,4247966.5,1643356800000,2022 01 28 09:00:00,0.0,0,0.0,0.0,0.0
1643356800000,2022 01 28 09:00:00,1.034,1.038,1.021,1.032,6311843.0,1643360400000,2022 01 28 10:00:00,0.0,0,0.0,0.0,0.0
1643360400000,2022 01 28 10:00:00,1.032,1.035,1.017,1.024,6058493.5,1643364000000,2022 01 28 11:00:00,0.0,0,0.0,0.0,0.0
1643364000000,2022 01 28 11:00:00,1.023,1.025,1.008,1.023,9778086.0,1643367600000,2022 01 28 12:00:00,0.0,0,0.0,0.0,0.0
1643367600000,2022 01 28 12:00:00,1.023,1.026,1.01,1.02,5441680.0,1643371200000,2022 01 28 13:00:00,0.0,0,0.0,0.0,0.0
1643371200000,2022 01 28 13:00:00,1.019,1.024,1.011,1.02,5977158.0,1643374800000,2022 01 28 14:00:00,0.0,0,0.0,0.0,0.0
1643374800000,2022 01 28 14:00:00,1.021,1.04,1.016,1.033,8630714.0,1643378400000,2022 01 28 15:00:00,0.0,0,0.0,0.0,0.0
1643378400000,2022 01 28 15:00:00,1.034,1.038,1.017,1.023,7532271.0,1643382000000,2022 01 28 16:00:00,0.0,0,0.0,0.0,0.0
1643382000000,2022 01 28 16:00:00,1.023,1.039,1.02,1.039,8253069.5,1643385600000,2022 01 28 17:00:00,0.0,0,0.0,0.0,0.0
1643385600000,2022 01 28 17:00:00,1.039,1.047,1.033,1.038,7917810.5,1643389200000,2022 01 28 18:00:00,0.0,0,0.0,0.0,0.0
1643389200000,2022 01 28 18:00:00,1.038,1.044,1.026,1.027,4575766.0,1643392800000,2022 01 28 19:00:00,0.0,0,0.0,0.0,0.0
1643392800000,2022 01 28 19:00:00,1.028,1.039,1.027,1.035,4076540.0,1643396400000,2022 01 28 20:00:00,0.0,0,0.0,0.0,0.0
1643396400000,2022 01 28 20:00:00,1.034,1.039,1.026,1.037,3600640.0,1643400000000,2022 01 28 21:00:00,0.0,0,0.0,0.0,0.0
1643400000000,2022 01 28 21:00:00,1.038,1.05,1.033,1.047,6641003.0,1643403600000,2022 01 28 22:00:00,0.0,0,0.0,0.0,0.0
1643403600000,2022 01 28 22:00:00,1.047,1.059,1.045,1.047,7587990.5,1643407200000,2022 01 28 23:00:00,0.0,0,0.0,0.0,0.0
1643407200000,2022 01 28 23:00:00,1.046,1.054,1.043,1.044,2477753.0,1643410800000,2022 01 29 00:00:00,0.0,0,0.0,0.0,0.0
1643410800000,2022 01 29 00:00:00,1.044,1.053,1.041,1.048,3135913.0,1643414400000,2022 01 29 01:00:00,0.0,0,0.0,0.0,0.0
1643414400000,2022 01 29 01:00:00,1.049,1.059,1.044,1.05,3377398.2,1643418000000,2022 01 29 02:00:00,0.0,0,0.0,0.0,0.0
1643418000000,2022 01 29 02:00:00,1.05,1.055,1.037,1.041,2874356.8,1643421600000,2022 01 29 03:00:00,0.0,0,0.0,0.0,0.0
1643421600000,2022 01 29 03:00:00,1.041,1.051,1.04,1.051,2286628.0,1643425200000,2022 01 29 04:00:00,0.0,0,0.0,0.0,0.0
1643425200000,2022 01 29 04:00:00,1.05,1.055,1.047,1.049,2005599.2,1643428800000,2022 01 29 05:00:00,0.0,0,0.0,0.0,0.0
1643428800000,2022 01 29 05:00:00,1.05,1.057,1.048,1.05,2717406.2,1643432400000,2022 01 29 06:00:00,0.0,0,0.0,0.0,0.0
1643432400000,2022 01 29 06:00:00,1.05,1.05,1.045,1.05,1441635.0,1643436000000,2022 01 29 07:00:00,0.0,0,0.0,0.0,0.0
1643436000000,2022 01 29 07:00:00,1.05,1.057,1.049,1.057,1846313.9,1643439600000,2022 01 29 08:00:00,0.0,0,0.0,0.0,0.0
1643439600000,2022 01 29 08:00:00,1.056,1.076,1.056,1.073,5112444.0,1643443200000,2022 01 29 09:00:00,0.0,0,0.0,0.0,0.0
1643443200000,2022 01 29 09:00:00,1.074,1.076,1.065,1.068,4658958.5,1643446800000,2022 01 29 10:00:00,0.0,0,0.0,0.0,0.0
1643446800000,2022 01 29 10:00:00,1.067,1.074,1.057,1.074,3960327.2,1643450400000,2022 01 29 11:00:00,0.0,0,0.0,0.0,0.0
1643450400000,2022 01 29 11:00:00,1.073,1.074,1.062,1.067,2162364.2,1643454000000,2022 01 29 12:00:00,0.0,0,0.0,0.0,0.0
1643454000000,2022 01 29 12:00:00,1.067,1.069,1.063,1.063,1804235.6,1643457600000,2022 01 29 13:00:00,0.0,0,0.0,0.0,0.0
1643457600000,2022 01 29 13:00:00,1.064,1.07,1.056,1.07,3479047.0,1643461200000,2022 01 29 14:00:00,0.0,0,0.0,0.0,0.0
1643461200000,2022 01 29 14:00:00,1.069,1.08,1.064,1.08,4034808.0,1643464800000,2022 01 29 15:00:00,0.0,0,0.0,0.0,0.0
1643464800000,2022 01 29 15:00:00,1.079,1.084,1.055,1.057,5642604.5,1643468400000,2022 01 29 16:00:00,0.0,0,0.0,0.0,0.0
1643468400000,2022 01 29 16:00:00,1.056,1.062,1.046,1.055,7655658.0,1643472000000,2022 01 29 17:00:00,0.0,0,0.0,0.0,0.0
1643472000000,2022 01 29 17:00:00,1.054,1.057,1.041,1.056,6167109.0,1643475600000,2022 01 29 18:00:00,0.0,0,0.0,0.0,0.0
1643475600000,2022 01 29 18:00:00,1.055,1.06,1.048,1.051,4295936.0,1643479200000,2022 01 29 19:00:00,0.0,0,0.0,0.0,0.0
1643479200000,2022 01 29 19:00:00,1.052,1.063,1.05,1.06,2786245.8,1643482800000,2022 01 29 20:00:00,0.0,0,0.0,0.0,0.0
1643482800000,2022 01 29 20:00:00,1.06,1.065,1.054,1.054,4496828.0,1643486400000,2022 01 29 21:00:00,0.0,0,0.0,0.0,0.0
1643486400000,2022 01 29 21:00:00,1.054,1.072,1.053,1.066,7100017.5,1643490000000,2022 01 29 22:00:00,0.0,0,0.0,0.0,0.0
1643490000000,2022 01 29 22:00:00,1.065,1.075,1.063,1.065,3424114.5,1643493600000,2022 01 29 23:00:00,0.0,0,0.0,0.0,0.0
1643493600000,2022 01 29 23:00:00,1.065,1.067,1.059,1.065,2517093.0,1643497200000,2022 01 30 00:00:00,0.0,0,0.0,0.0,0.0
1643497200000,2022 01 30 00:00:00,1.066,1.066,1.054,1.059,3677736.0,1643500800000,2022 01 30 01:00:00,0.0,0,0.0,0.0,0.0
1643500800000,2022 01 30 01:00:00,1.059,1.065,1.05,1.052,3013506.8,1643504400000,2022 01 30 02:00:00,0.0,0,0.0,0.0,0.0
1643504400000,2022 01 30 02:00:00,1.053,1.059,1.051,1.057,1495028.9,1643508000000,2022 01 30 03:00:00,0.0,0,0.0,0.0,0.0
1643508000000,2022 01 30 03:00:00,1.057,1.065,1.053,1.062,1734541.8,1643511600000,2022 01 30 04:00:00,0.0,0,0.0,0.0,0.0
1643511600000,2022 01 30 04:00:00,1.062,1.065,1.058,1.06,1586825.8,1643515200000,2022 01 30 05:00:00,0.0,0,0.0,0.0,0.0
1643515200000,2022 01 30 05:00:00,1.059,1.071,1.059,1.068,1475140.6,1643518800000,2022 01 30 06:00:00,0.0,0,0.0,0.0,0.0
1643518800000,2022 01 30 06:00:00,1.068,1.075,1.066,1.072,2728566.2,1643522400000,2022 01 30 07:00:00,0.0,0,0.0,0.0,0.0
1643522400000,2022 01 30 07:00:00,1.072,1.073,1.067,1.07,1444316.4,1643526000000,2022 01 30 08:00:00,0.0,0,0.0,0.0,0.0
1643526000000,2022 01 30 08:00:00,1.071,1.077,1.068,1.073,3462715.5,1643529600000,2022 01 30 09:00:00,0.0,0,0.0,0.0,0.0
1643529600000,2022 01 30 09:00:00,1.073,1.077,1.062,1.063,2317606.5,1643533200000,2022 01 30 10:00:00,0.0,0,0.0,0.0,0.0
1643533200000,2022 01 30 10:00:00,1.062,1.067,1.058,1.062,2031336.9,1643536800000,2022 01 30 11:00:00,0.0,0,0.0,0.0,0.0
1643536800000,2022 01 30 11:00:00,1.062,1.07,1.061,1.07,1999480.8,1643540400000,2022 01 30 12:00:00,0.0,0,0.0,0.0,0.0
1643540400000,2022 01 30 12:00:00,1.07,1.072,1.062,1.067,1821632.9,1643544000000,2022 01 30 13:00:00,0.0,0,0.0,0.0,0.0
1643544000000,2022 01 30 13:00:00,1.067,1.069,1.055,1.058,2423948.5,1643547600000,2022 01 30 14:00:00,0.0,0,0.0,0.0,0.0
1643547600000,2022 01 30 14:00:00,1.058,1.06,1.053,1.059,2205654.5,1643551200000,2022 01 30 15:00:00,0.0,0,0.0,0.0,0.0
1643551200000,2022 01 30 15:00:00,1.059,1.061,1.047,1.056,6399843.0,1643554800000,2022 01 30 16:00:00,0.0,0,0.0,0.0,0.0
1643554800000,2022 01 30 16:00:00,1.056,1.058,1.05,1.057,2102795.0,1643558400000,2022 01 30 17:00:00,0.0,0,0.0,0.0,0.0
1643580000000,2022 01 30 23:00:00,1.033,1.038,1.032,1.036,1246353.5,1643583600000,2022 01 31 00:00:00,0.0,0,0.0,0.0,0.0
1643583600000,2022 01 31 00:00:00,1.037,1.049,1.033,1.035,4811241.5,1643587200000,2022 01 31 01:00:00,0.0,0,0.0,0.0,0.0
1643587200000,2022 01 31 01:00:00,1.035,1.038,1.011,1.016,7905673.5,1643590800000,2022 01 31 02:00:00,0.0,0,0.0,0.0,0.0
1643590800000,2022 01 31 02:00:00,1.016,1.023,1.014,1.016,3728858.5,1643594400000,2022 01 31 03:00:00,0.0,0,0.0,0.0,0.0
1643594400000,2022 01 31 03:00:00,1.015,1.026,1.006,1.024,5688248.5,1643598000000,2022 01 31 04:00:00,0.0,0,0.0,0.0,0.0
1643598000000,2022 01 31 04:00:00,1.024,1.027,1.017,1.022,2348613.8,1643601600000,2022 01 31 05:00:00,0.0,0,0.0,0.0,0.0
1643601600000,2022 01 31 05:00:00,1.021,1.023,1.01,1.013,3909887.0,1643605200000,2022 01 31 06:00:00,0.0,0,0.0,0.0,0.0
1643605200000,2022 01 31 06:00:00,1.012,1.02,1.01,1.018,2453479.8,1643608800000,2022 01 31 07:00:00,0.0,0,0.0,0.0,0.0
1643608800000,2022 01 31 07:00:00,1.018,1.023,1.016,1.016,1786555.6,1643612400000,2022 01 31 08:00:00,0.0,0,0.0,0.0,0.0
1643612400000,2022 01 31 08:00:00,1.015,1.026,1.015,1.023,2588227.0,1643616000000,2022 01 31 09:00:00,0.0,0,0.0,0.0,0.0
1643616000000,2022 01 31 09:00:00,1.023,1.026,1.021,1.023,1791312.8,1643619600000,2022 01 31 10:00:00,0.0,0,0.0,0.0,0.0
1643619600000,2022 01 31 10:00:00,1.022,1.025,1.018,1.022,2356690.2,1643623200000,2022 01 31 11:00:00,0.0,0,0.0,0.0,0.0
1643623200000,2022 01 31 11:00:00,1.023,1.025,1.018,1.024,1989176.4,1643626800000,2022 01 31 12:00:00,0.0,0,0.0,0.0,0.0
1643626800000,2022 01 31 12:00:00,1.023,1.027,1.013,1.024,3314857.8,1643630400000,2022 01 31 13:00:00,0.0,0,0.0,0.0,0.0
1643630400000,2022 01 31 13:00:00,1.023,1.028,1.012,1.019,4071295.2,1643634000000,2022 01 31 14:00:00,0.0,0,0.0,0.0,0.0
1643634000000,2022 01 31 14:00:00,1.019,1.025,1.013,1.022,3343062.8,1643637600000,2022 01 31 15:00:00,0.0,0,0.0,0.0,0.0
1643637600000,2022 01 31 15:00:00,1.022,1.025,1.016,1.023,4307216.5,1643641200000,2022 01 31 16:00:00,0.0,0,0.0,0.0,0.0
1643641200000,2022 01 31 16:00:00,1.023,1.039,1.023,1.036,9645457.0,1643644800000,2022 01 31 17:00:00,0.0,0,0.0,0.0,0.0
1643644800000,2022 01 31 17:00:00,1.036,1.055,1.031,1.052,1.010947E7,1643648400000,2022 01 31 18:00:00,0.0,0,0.0,0.0,0.0
1643648400000,2022 01 31 18:00:00,1.052,1.06,1.045,1.049,9330481.0,1643652000000,2022 01 31 19:00:00,0.0,0,0.0,0.0,0.0
1643652000000,2022 01 31 19:00:00,1.05,1.053,1.043,1.049,3758516.0,1643655600000,2022 01 31 20:00:00,0.0,0,0.0,0.0,0.0
1643655600000,2022 01 31 20:00:00,1.049,1.054,1.043,1.043,5084597.5,1643659200000,2022 01 31 21:00:00,0.0,0,0.0,0.0,0.0
1643659200000,2022 01 31 21:00:00,1.043,1.047,1.038,1.046,3625231.2,1643662800000,2022 01 31 22:00:00,0.0,0,0.0,0.0,0.0
1643662800000,2022 01 31 22:00:00,1.047,1.053,1.044,1.048,2740501.5,1643666400000,2022 01 31 23:00:00,0.0,0,0.0,0.0,0.0
1643666400000,2022 01 31 23:00:00,1.047,1.054,1.046,1.05,2196823.5,1643670000000,2022 02 01 00:00:00,0.0,0,0.0,0.0,0.0
1643670000000,2022 02 01 00:00:00,1.05,1.055,1.046,1.051,3135206.8,1643673600000,2022 02 01 01:00:00,0.0,0,0.0,0.0,0.0
1643673600000,2022 02 01 01:00:00,1.052,1.056,1.043,1.045,3700355.5,1643677200000,2022 02 01 02:00:00,0.0,0,0.0,0.0,0.0
1643677200000,2022 02 01 02:00:00,1.045,1.047,1.039,1.044,4600893.0,1643680800000,2022 02 01 03:00:00,0.0,0,0.0,0.0,0.0
1643680800000,2022 02 01 03:00:00,1.043,1.046,1.034,1.045,5093447.0,1643684400000,2022 02 01 04:00:00,0.0,0,0.0,0.0,0.0
1643684400000,2022 02 01 04:00:00,1.046,1.057,1.043,1.056,3122877.0,1643688000000,2022 02 01 05:00:00,0.0,0,0.0,0.0,0.0
1643688000000,2022 02 01 05:00:00,1.057,1.063,1.051,1.055,5063238.5,1643691600000,2022 02 01 06:00:00,0.0,0,0.0,0.0,0.0
1643691600000,2022 02 01 06:00:00,1.055,1.058,1.052,1.053,2242380.2,1643695200000,2022 02 01 07:00:00,0.0,0,0.0,0.0,0.0
1643695200000,2022 02 01 07:00:00,1.053,1.053,1.044,1.049,3393850.8,1643698800000,2022 02 01 08:00:00,0.0,0,0.0,0.0,0.0
1643698800000,2022 02 01 08:00:00,1.05,1.056,1.048,1.056,2025931.4,1643702400000,2022 02 01 09:00:00,0.0,0,0.0,0.0,0.0
1643702400000,2022 02 01 09:00:00,1.056,1.063,1.053,1.062,4164629.0,1643706000000,2022 02 01 10:00:00,0.0,0,0.0,0.0,0.0
1643706000000,2022 02 01 10:00:00,1.062,1.072,1.047,1.05,1.3558558E7,1643709600000,2022 02 01 11:00:00,0.0,0,0.0,0.0,0.0
1643709600000,2022 02 01 11:00:00,1.051,1.055,1.044,1.05,5703920.5,1643713200000,2022 02 01 12:00:00,0.0,0,0.0,0.0,0.0
1643713200000,2022 02 01 12:00:00,1.049,1.062,1.047,1.055,4364873.0,1643716800000,2022 02 01 13:00:00,0.0,0,0.0,0.0,0.0
1643716800000,2022 02 01 13:00:00,1.055,1.064,1.053,1.063,3718153.5,1643720400000,2022 02 01 14:00:00,0.0,0,0.0,0.0,0.0
1643720400000,2022 02 01 14:00:00,1.062,1.071,1.059,1.063,6817853.5,1643724000000,2022 02 01 15:00:00,0.0,0,0.0,0.0,0.0
1643724000000,2022 02 01 15:00:00,1.063,1.074,1.056,1.06,1.1616321E7,1643727600000,2022 02 01 16:00:00,0.0,0,0.0,0.0,0.0
1643727600000,2022 02 01 16:00:00,1.06,1.067,1.052,1.065,5884349.5,1643731200000,2022 02 01 17:00:00,0.0,0,0.0,0.0,0.0
1643731200000,2022 02 01 17:00:00,1.066,1.079,1.062,1.076,7851281.0,1643734800000,2022 02 01 18:00:00,0.0,0,0.0,0.0,0.0
1643734800000,2022 02 01 18:00:00,1.075,1.077,1.064,1.07,4696527.0,1643738400000,2022 02 01 19:00:00,0.0,0,0.0,0.0,0.0
1643738400000,2022 02 01 19:00:00,1.071,1.078,1.065,1.069,4644479.5,1643742000000,2022 02 01 20:00:00,0.0,0,0.0,0.0,0.0
1643742000000,2022 02 01 20:00:00,1.069,1.071,1.063,1.065,4212118.5,1643745600000,2022 02 01 21:00:00,0.0,0,0.0,0.0,0.0
1643745600000,2022 02 01 21:00:00,1.066,1.078,1.065,1.069,3085111.5,1643749200000,2022 02 01 22:00:00,0.0,0,0.0,0.0,0.0
1643749200000,2022 02 01 22:00:00,1.069,1.079,1.069,1.079,3109758.0,1643752800000,2022 02 01 23:00:00,0.0,0,0.0,0.0,0.0
1643752800000,2022 02 01 23:00:00,1.078,1.084,1.07,1.075,4163075.0,1643756400000,2022 02 02 00:00:00,0.0,0,0.0,0.0,0.0
1643756400000,2022 02 02 00:00:00,1.076,1.096,1.072,1.096,7688979.0,1643760000000,2022 02 02 01:00:00,0.0,0,0.0,0.0,0.0
1643760000000,2022 02 02 01:00:00,1.096,1.103,1.082,1.089,8613606.0,1643763600000,2022 02 02 02:00:00,0.0,0,0.0,0.0,0.0
1643763600000,2022 02 02 02:00:00,1.089,1.097,1.085,1.086,3624326.5,1643767200000,2022 02 02 03:00:00,0.0,0,0.0,0.0,0.0
1643767200000,2022 02 02 03:00:00,1.086,1.096,1.081,1.094,3167500.5,1643770800000,2022 02 02 04:00:00,0.0,0,0.0,0.0,0.0
1643770800000,2022 02 02 04:00:00,1.094,1.1,1.089,1.09,2695958.8,1643774400000,2022 02 02 05:00:00,0.0,0,0.0,0.0,0.0
1643774400000,2022 02 02 05:00:00,1.091,1.091,1.083,1.084,2711516.0,1643778000000,2022 02 02 06:00:00,0.0,0,0.0,0.0,0.0
1643778000000,2022 02 02 06:00:00,1.084,1.084,1.071,1.078,4573979.0,1643781600000,2022 02 02 07:00:00,0.0,0,0.0,0.0,0.0
1643781600000,2022 02 02 07:00:00,1.077,1.081,1.065,1.069,3987834.5,1643785200000,2022 02 02 08:00:00,0.0,0,0.0,0.0,0.0
1643785200000,2022 02 02 08:00:00,1.07,1.071,1.057,1.059,6335305.5,1643788800000,2022 02 02 09:00:00,0.0,0,0.0,0.0,0.0
1643788800000,2022 02 02 09:00:00,1.059,1.067,1.056,1.066,5032641.5,1643792400000,2022 02 02 10:00:00,0.0,0,0.0,0.0,0.0
1643792400000,2022 02 02 10:00:00,1.066,1.073,1.06,1.071,4728349.0,1643796000000,2022 02 02 11:00:00,0.0,0,0.0,0.0,0.0
1643796000000,2022 02 02 11:00:00,1.071,1.072,1.067,1.071,2702339.0,1643799600000,2022 02 02 12:00:00,0.0,0,0.0,0.0,0.0
1643799600000,2022 02 02 12:00:00,1.07,1.072,1.064,1.068,3248656.2,1643803200000,2022 02 02 13:00:00,0.0,0,0.0,0.0,0.0
1643803200000,2022 02 02 13:00:00,1.068,1.083,1.066,1.079,5422228.5,1643806800000,2022 02 02 14:00:00,0.0,0,0.0,0.0,0.0
1643806800000,2022 02 02 14:00:00,1.079,1.081,1.072,1.073,4742235.5,1643810400000,2022 02 02 15:00:00,0.0,0,0.0,0.0,0.0
1643810400000,2022 02 02 15:00:00,1.073,1.077,1.038,1.045,1.2492655E7,1643814000000,2022 02 02 16:00:00,0.0,0,0.0,0.0,0.0
1643814000000,2022 02 02 16:00:00,1.044,1.054,1.043,1.046,9586505.0,1643817600000,2022 02 02 17:00:00,0.0,0,0.0,0.0,0.0
1643817600000,2022 02 02 17:00:00,1.046,1.052,1.031,1.047,9609062.0,1643821200000,2022 02 02 18:00:00,0.0,0,0.0,0.0,0.0
1643821200000,2022 02 02 18:00:00,1.047,1.054,1.041,1.049,4330577.0,1643824800000,2022 02 02 19:00:00,0.0,0,0.0,0.0,0.0
1643824800000,2022 02 02 19:00:00,1.049,1.053,1.045,1.053,3527584.2,1643828400000,2022 02 02 20:00:00,0.0,0,0.0,0.0,0.0
1643828400000,2022 02 02 20:00:00,1.052,1.059,1.049,1.056,3965149.2,1643832000000,2022 02 02 21:00:00,0.0,0,0.0,0.0,0.0
1643832000000,2022 02 02 21:00:00,1.056,1.058,1.046,1.051,3828409.0,1643835600000,2022 02 02 22:00:00,0.0,0,0.0,0.0,0.0
1643835600000,2022 02 02 22:00:00,1.051,1.054,1.022,1.032,9903772.0,1643839200000,2022 02 02 23:00:00,0.0,0,0.0,0.0,0.0
1643839200000,2022 02 02 23:00:00,1.032,1.038,1.027,1.034,3770715.0,1643842800000,2022 02 03 00:00:00,0.0,0,0.0,0.0,0.0
1643842800000,2022 02 03 00:00:00,1.033,1.04,1.024,1.027,4245706.0,1643846400000,2022 02 03 01:00:00,0.0,0,0.0,0.0,0.0
1643846400000,2022 02 03 01:00:00,1.027,1.037,1.023,1.032,5357321.0,1643850000000,2022 02 03 02:00:00,0.0,0,0.0,0.0,0.0
1643850000000,2022 02 03 02:00:00,1.031,1.035,1.019,1.023,4212565.0,1643853600000,2022 02 03 03:00:00,0.0,0,0.0,0.0,0.0
1643853600000,2022 02 03 03:00:00,1.022,1.031,1.019,1.03,3476785.8,1643857200000,2022 02 03 04:00:00,0.0,0,0.0,0.0,0.0
1643857200000,2022 02 03 04:00:00,1.029,1.032,1.025,1.029,2137773.5,1643860800000,2022 02 03 05:00:00,0.0,0,0.0,0.0,0.0
1643860800000,2022 02 03 05:00:00,1.028,1.034,1.026,1.03,1478895.0,1643864400000,2022 02 03 06:00:00,0.0,0,0.0,0.0,0.0
1643864400000,2022 02 03 06:00:00,1.03,1.042,1.028,1.038,2702127.0,1643868000000,2022 02 03 07:00:00,0.0,0,0.0,0.0,0.0
1643868000000,2022 02 03 07:00:00,1.038,1.038,1.032,1.036,2121683.2,1643871600000,2022 02 03 08:00:00,0.0,0,0.0,0.0,0.0
1643871600000,2022 02 03 08:00:00,1.035,1.043,1.035,1.041,1912628.0,1643875200000,2022 02 03 09:00:00,0.0,0,0.0,0.0,0.0
1643875200000,2022 02 03 09:00:00,1.041,1.043,1.036,1.04,1647046.2,1643878800000,2022 02 03 10:00:00,0.0,0,0.0,0.0,0.0
1643878800000,2022 02 03 10:00:00,1.04,1.041,1.022,1.024,3203756.0,1643882400000,2022 02 03 11:00:00,0.0,0,0.0,0.0,0.0
1643882400000,2022 02 03 11:00:00,1.023,1.025,1.016,1.022,9234178.0,1643886000000,2022 02 03 12:00:00,0.0,0,0.0,0.0,0.0
1643886000000,2022 02 03 12:00:00,1.021,1.034,1.018,1.031,3908130.8,1643889600000,2022 02 03 13:00:00,0.0,0,0.0,0.0,0.0
1643889600000,2022 02 03 13:00:00,1.031,1.032,1.018,1.031,5366060.5,1643893200000,2022 02 03 14:00:00,0.0,0,0.0,0.0,0.0
1643893200000,2022 02 03 14:00:00,1.031,1.036,1.026,1.031,5978648.5,1643896800000,2022 02 03 15:00:00,0.0,0,0.0,0.0,0.0
1643896800000,2022 02 03 15:00:00,1.03,1.037,1.029,1.036,5089833.0,1643900400000,2022 02 03 16:00:00,0.0,0,0.0,0.0,0.0
1643900400000,2022 02 03 16:00:00,1.035,1.05,1.034,1.046,5604614.5,1643904000000,2022 02 03 17:00:00,0.0,0,0.0,0.0,0.0
1643904000000,2022 02 03 17:00:00,1.046,1.053,1.043,1.047,5086032.0,1643907600000,2022 02 03 18:00:00,0.0,0,0.0,0.0,0.0
1643907600000,2022 02 03 18:00:00,1.047,1.051,1.042,1.051,2943440.5,1643911200000,2022 02 03 19:00:00,0.0,0,0.0,0.0,0.0
1643911200000,2022 02 03 19:00:00,1.05,1.056,1.047,1.054,4365257.0,1643914800000,2022 02 03 20:00:00,0.0,0,0.0,0.0,0.0
1643914800000,2022 02 03 20:00:00,1.054,1.056,1.04,1.046,4692768.5,1643918400000,2022 02 03 21:00:00,0.0,0,0.0,0.0,0.0
1643918400000,2022 02 03 21:00:00,1.045,1.051,1.037,1.038,3874870.5,1643922000000,2022 02 03 22:00:00,0.0,0,0.0,0.0,0.0
1643922000000,2022 02 03 22:00:00,1.039,1.059,1.038,1.056,6998385.5,1643925600000,2022 02 03 23:00:00,0.0,0,0.0,0.0,0.0
1643925600000,2022 02 03 23:00:00,1.056,1.057,1.047,1.052,2702202.5,1643929200000,2022 02 04 00:00:00,0.0,0,0.0,0.0,0.0
1643929200000,2022 02 04 00:00:00,1.052,1.062,1.049,1.061,4440539.0,1643932800000,2022 02 04 01:00:00,0.0,0,0.0,0.0,0.0
1643932800000,2022 02 04 01:00:00,1.061,1.062,1.051,1.054,3050381.0,1643936400000,2022 02 04 02:00:00,0.0,0,0.0,0.0,0.0
1643936400000,2022 02 04 02:00:00,1.053,1.054,1.045,1.048,2176714.0,1643940000000,2022 02 04 03:00:00,0.0,0,0.0,0.0,0.0
1643940000000,2022 02 04 03:00:00,1.048,1.058,1.047,1.052,3075514.0,1643943600000,2022 02 04 04:00:00,0.0,0,0.0,0.0,0.0
1643943600000,2022 02 04 04:00:00,1.053,1.057,1.051,1.053,2125028.0,1643947200000,2022 02 04 05:00:00,0.0,0,0.0,0.0,0.0
1643947200000,2022 02 04 05:00:00,1.053,1.055,1.05,1.053,1421855.2,1643950800000,2022 02 04 06:00:00,0.0,0,0.0,0.0,0.0
1643950800000,2022 02 04 06:00:00,1.054,1.07,1.052,1.068,5084403.0,1643954400000,2022 02 04 07:00:00,0.0,0,0.0,0.0,0.0
1643954400000,2022 02 04 07:00:00,1.068,1.074,1.067,1.069,4371870.5,1643958000000,2022 02 04 08:00:00,0.0,0,0.0,0.0,0.0
1643958000000,2022 02 04 08:00:00,1.07,1.074,1.063,1.064,3721909.8,1643961600000,2022 02 04 09:00:00,0.0,0,0.0,0.0,0.0
1643961600000,2022 02 04 09:00:00,1.064,1.071,1.062,1.067,4293334.0,1643965200000,2022 02 04 10:00:00,0.0,0,0.0,0.0,0.0
1643965200000,2022 02 04 10:00:00,1.066,1.069,1.063,1.067,3436878.8,1643968800000,2022 02 04 11:00:00,0.0,0,0.0,0.0,0.0
1643968800000,2022 02 04 11:00:00,1.066,1.071,1.059,1.061,4080270.0,1643972400000,2022 02 04 12:00:00,0.0,0,0.0,0.0,0.0
1643972400000,2022 02 04 12:00:00,1.061,1.062,1.057,1.057,2979706.2,1643976000000,2022 02 04 13:00:00,0.0,0,0.0,0.0,0.0
1643976000000,2022 02 04 13:00:00,1.058,1.064,1.056,1.063,3252831.0,1643979600000,2022 02 04 14:00:00,0.0,0,0.0,0.0,0.0
1643979600000,2022 02 04 14:00:00,1.063,1.068,1.046,1.05,8678323.0,1643983200000,2022 02 04 15:00:00,0.0,0,0.0,0.0,0.0
1643983200000,2022 02 04 15:00:00,1.05,1.062,1.046,1.058,5351311.0,1643986800000,2022 02 04 16:00:00,0.0,0,0.0,0.0,0.0
1643986800000,2022 02 04 16:00:00,1.058,1.084,1.055,1.078,1.9226404E7,1643990400000,2022 02 04 17:00:00,0.0,0,0.0,0.0,0.0
1643990400000,2022 02 04 17:00:00,1.078,1.117,1.077,1.102,1.9739024E7,1643994000000,2022 02 04 18:00:00,0.0,0,0.0,0.0,0.0
1643994000000,2022 02 04 18:00:00,1.102,1.108,1.099,1.103,7799750.5,1643997600000,2022 02 04 19:00:00,0.0,0,0.0,0.0,0.0
1643997600000,2022 02 04 19:00:00,1.104,1.107,1.093,1.095,7115158.0,1644001200000,2022 02 04 20:00:00,0.0,0,0.0,0.0,0.0
1644001200000,2022 02 04 20:00:00,1.096,1.106,1.091,1.102,5172112.0,1644004800000,2022 02 04 21:00:00,0.0,0,0.0,0.0,0.0
1644004800000,2022 02 04 21:00:00,1.102,1.11,1.102,1.108,5514195.0,1644008400000,2022 02 04 22:00:00,0.0,0,0.0,0.0,0.0
1644008400000,2022 02 04 22:00:00,1.107,1.11,1.104,1.109,3080976.0,1644012000000,2022 02 04 23:00:00,0.0,0,0.0,0.0,0.0
1644012000000,2022 02 04 23:00:00,1.108,1.12,1.106,1.119,4521258.0,1644015600000,2022 02 05 00:00:00,0.0,0,0.0,0.0,0.0
1644015600000,2022 02 05 00:00:00,1.118,1.139,1.116,1.138,5907871.5,1644019200000,2022 02 05 01:00:00,0.0,0,0.0,0.0,0.0
1644019200000,2022 02 05 01:00:00,1.138,1.147,1.126,1.133,1.17133E7,1644022800000,2022 02 05 02:00:00,0.0,0,0.0,0.0,0.0
1644022800000,2022 02 05 02:00:00,1.132,1.136,1.122,1.131,5799478.0,1644026400000,2022 02 05 03:00:00,0.0,0,0.0,0.0,0.0
1644026400000,2022 02 05 03:00:00,1.131,1.139,1.127,1.138,3162408.0,1644030000000,2022 02 05 04:00:00,0.0,0,0.0,0.0,0.0
1644030000000,2022 02 05 04:00:00,1.137,1.143,1.135,1.143,3580144.5,1644033600000,2022 02 05 05:00:00,0.0,0,0.0,0.0,0.0
1644033600000,2022 02 05 05:00:00,1.142,1.15,1.137,1.14,6374885.0,1644037200000,2022 02 05 06:00:00,0.0,0,0.0,0.0,0.0
1644037200000,2022 02 05 06:00:00,1.139,1.171,1.138,1.165,1.0241026E7,1644040800000,2022 02 05 07:00:00,0.0,0,0.0,0.0,0.0
1644040800000,2022 02 05 07:00:00,1.166,1.178,1.16,1.161,1.1569456E7,1644044400000,2022 02 05 08:00:00,0.0,0,0.0,0.0,0.0
1644044400000,2022 02 05 08:00:00,1.161,1.162,1.146,1.151,6830604.5,1644048000000,2022 02 05 09:00:00,0.0,0,0.0,0.0,0.0
1644048000000,2022 02 05 09:00:00,1.152,1.166,1.151,1.162,5257606.5,1644051600000,2022 02 05 10:00:00,0.0,0,0.0,0.0,0.0
1644051600000,2022 02 05 10:00:00,1.162,1.165,1.152,1.162,4447317.0,1644055200000,2022 02 05 11:00:00,0.0,0,0.0,0.0,0.0
1644055200000,2022 02 05 11:00:00,1.161,1.168,1.156,1.16,3747965.0,1644058800000,2022 02 05 12:00:00,0.0,0,0.0,0.0,0.0
1644058800000,2022 02 05 12:00:00,1.161,1.164,1.155,1.158,2652988.5,1644062400000,2022 02 05 13:00:00,0.0,0,0.0,0.0,0.0
1644062400000,2022 02 05 13:00:00,1.157,1.158,1.148,1.153,4866523.0,1644066000000,2022 02 05 14:00:00,0.0,0,0.0,0.0,0.0
1644066000000,2022 02 05 14:00:00,1.153,1.156,1.15,1.155,3732116.0,1644069600000,2022 02 05 15:00:00,0.0,0,0.0,0.0,0.0
1644069600000,2022 02 05 15:00:00,1.155,1.155,1.144,1.146,5218849.5,1644073200000,2022 02 05 16:00:00,0.0,0,0.0,0.0,0.0
1644073200000,2022 02 05 16:00:00,1.147,1.154,1.133,1.151,9478406.0,1644076800000,2022 02 05 17:00:00,0.0,0,0.0,0.0,0.0
1644076800000,2022 02 05 17:00:00,1.15,1.152,1.112,1.116,1.0389043E7,1644080400000,2022 02 05 18:00:00,0.0,0,0.0,0.0,0.0
1644080400000,2022 02 05 18:00:00,1.115,1.136,1.097,1.131,1.7697788E7,1644084000000,2022 02 05 19:00:00,0.0,0,0.0,0.0,0.0
1644084000000,2022 02 05 19:00:00,1.13,1.132,1.122,1.125,4835574.0,1644087600000,2022 02 05 20:00:00,0.0,0,0.0,0.0,0.0
1644087600000,2022 02 05 20:00:00,1.124,1.125,1.112,1.115,4520964.0,1644091200000,2022 02 05 21:00:00,0.0,0,0.0,0.0,0.0
1644091200000,2022 02 05 21:00:00,1.114,1.12,1.109,1.12,5880653.0,1644094800000,2022 02 05 22:00:00,0.0,0,0.0,0.0,0.0
1644094800000,2022 02 05 22:00:00,1.12,1.126,1.116,1.123,4098796.5,1644098400000,2022 02 05 23:00:00,0.0,0,0.0,0.0,0.0
1644098400000,2022 02 05 23:00:00,1.123,1.134,1.123,1.131,3783456.5,1644102000000,2022 02 06 00:00:00,0.0,0,0.0,0.0,0.0
1644102000000,2022 02 06 00:00:00,1.13,1.133,1.124,1.125,2806679.0,1644105600000,2022 02 06 01:00:00,0.0,0,0.0,0.0,0.0
1644105600000,2022 02 06 01:00:00,1.125,1.128,1.12,1.126,2448804.2,1644109200000,2022 02 06 02:00:00,0.0,0,0.0,0.0,0.0
1644109200000,2022 02 06 02:00:00,1.126,1.14,1.126,1.14,3350832.0,1644112800000,2022 02 06 03:00:00,0.0,0,0.0,0.0,0.0
1644112800000,2022 02 06 03:00:00,1.139,1.144,1.124,1.128,5865156.5,1644116400000,2022 02 06 04:00:00,0.0,0,0.0,0.0,0.0
1644116400000,2022 02 06 04:00:00,1.127,1.135,1.126,1.128,2953571.5,1644120000000,2022 02 06 05:00:00,0.0,0,0.0,0.0,0.0
1644120000000,2022 02 06 05:00:00,1.127,1.131,1.111,1.121,6055973.0,1644123600000,2022 02 06 06:00:00,0.0,0,0.0,0.0,0.0
1644123600000,2022 02 06 06:00:00,1.12,1.125,1.118,1.124,2756556.0,1644127200000,2022 02 06 07:00:00,0.0,0,0.0,0.0,0.0
1644127200000,2022 02 06 07:00:00,1.124,1.125,1.115,1.119,3467778.0,1644130800000,2022 02 06 08:00:00,0.0,0,0.0,0.0,0.0
1644130800000,2022 02 06 08:00:00,1.118,1.129,1.118,1.128,2748553.2,1644134400000,2022 02 06 09:00:00,0.0,0,0.0,0.0,0.0
1644134400000,2022 02 06 09:00:00,1.127,1.133,1.126,1.132,3087758.0,1644138000000,2022 02 06 10:00:00,0.0,0,0.0,0.0,0.0
1644138000000,2022 02 06 10:00:00,1.131,1.134,1.128,1.13,4297793.5,1644141600000,2022 02 06 11:00:00,0.0,0,0.0,0.0,0.0
1644141600000,2022 02 06 11:00:00,1.129,1.131,1.118,1.121,4050120.0,1644145200000,2022 02 06 12:00:00,0.0,0,0.0,0.0,0.0
1644145200000,2022 02 06 12:00:00,1.12,1.124,1.116,1.117,2362655.2,1644148800000,2022 02 06 13:00:00,0.0,0,0.0,0.0,0.0
1644148800000,2022 02 06 13:00:00,1.117,1.125,1.117,1.125,2555398.0,1644152400000,2022 02 06 14:00:00,0.0,0,0.0,0.0,0.0
1644152400000,2022 02 06 14:00:00,1.124,1.129,1.119,1.126,3825196.0,1644156000000,2022 02 06 15:00:00,0.0,0,0.0,0.0,0.0
1644156000000,2022 02 06 15:00:00,1.126,1.138,1.104,1.107,1.0153084E7,1644159600000,2022 02 06 16:00:00,0.0,0,0.0,0.0,0.0
1644159600000,2022 02 06 16:00:00,1.106,1.116,1.097,1.112,9724612.0,1644163200000,2022 02 06 17:00:00,0.0,0,0.0,0.0,0.0
1644163200000,2022 02 06 17:00:00,1.112,1.125,1.11,1.119,4764384.5,1644166800000,2022 02 06 18:00:00,0.0,0,0.0,0.0,0.0
1644166800000,2022 02 06 18:00:00,1.119,1.124,1.118,1.121,3614478.0,1644170400000,2022 02 06 19:00:00,0.0,0,0.0,0.0,0.0
1644170400000,2022 02 06 19:00:00,1.121,1.122,1.11,1.114,2787974.5,1644174000000,2022 02 06 20:00:00,0.0,0,0.0,0.0,0.0
1644174000000,2022 02 06 20:00:00,1.114,1.123,1.113,1.122,2715938.0,1644177600000,2022 02 06 21:00:00,0.0,0,0.0,0.0,0.0
1644177600000,2022 02 06 21:00:00,1.121,1.131,1.117,1.124,5813092.0,1644181200000,2022 02 06 22:00:00,0.0,0,0.0,0.0,0.0
1644181200000,2022 02 06 22:00:00,1.124,1.133,1.123,1.125,2876352.0,1644184800000,2022 02 06 23:00:00,0.0,0,0.0,0.0,0.0
1644184800000,2022 02 06 23:00:00,1.125,1.13,1.121,1.122,2710393.2,1644188400000,2022 02 07 00:00:00,0.0,0,0.0,0.0,0.0
1644188400000,2022 02 07 00:00:00,1.122,1.15,1.121,1.143,1.1944525E7,1644192000000,2022 02 07 01:00:00,0.0,0,0.0,0.0,0.0
1644192000000,2022 02 07 01:00:00,1.142,1.145,1.125,1.139,1.002083E7,1644195600000,2022 02 07 02:00:00,0.0,0,0.0,0.0,0.0
1644195600000,2022 02 07 02:00:00,1.139,1.15,1.133,1.145,6193338.5,1644199200000,2022 02 07 03:00:00,0.0,0,0.0,0.0,0.0
1644199200000,2022 02 07 03:00:00,1.146,1.17,1.145,1.159,9004089.0,1644202800000,2022 02 07 04:00:00,0.0,0,0.0,0.0,0.0
1644202800000,2022 02 07 04:00:00,1.159,1.175,1.157,1.16,1.0089157E7,1644206400000,2022 02 07 05:00:00,0.0,0,0.0,0.0,0.0
1644206400000,2022 02 07 05:00:00,1.161,1.167,1.155,1.16,6207408.0,1644210000000,2022 02 07 06:00:00,0.0,0,0.0,0.0,0.0
1644210000000,2022 02 07 06:00:00,1.16,1.165,1.15,1.159,7598445.5,1644213600000,2022 02 07 07:00:00,0.0,0,0.0,0.0,0.0
1644213600000,2022 02 07 07:00:00,1.16,1.167,1.157,1.165,4711014.5,1644217200000,2022 02 07 08:00:00,0.0,0,0.0,0.0,0.0
1644217200000,2022 02 07 08:00:00,1.165,1.166,1.153,1.164,7475880.0,1644220800000,2022 02 07 09:00:00,0.0,0,0.0,0.0,0.0
1644220800000,2022 02 07 09:00:00,1.165,1.196,1.159,1.187,1.3901834E7,1644224400000,2022 02 07 10:00:00,0.0,0,0.0,0.0,0.0
1644224400000,2022 02 07 10:00:00,1.188,1.188,1.162,1.181,1.5256986E7,1644228000000,2022 02 07 11:00:00,0.0,0,0.0,0.0,0.0
1644228000000,2022 02 07 11:00:00,1.181,1.187,1.168,1.179,8366432.5,1644231600000,2022 02 07 12:00:00,0.0,0,0.0,0.0,0.0
1644231600000,2022 02 07 12:00:00,1.179,1.194,1.177,1.18,1.1754259E7,1644235200000,2022 02 07 13:00:00,0.0,0,0.0,0.0,0.0
1644235200000,2022 02 07 13:00:00,1.18,1.185,1.174,1.181,5815609.0,1644238800000,2022 02 07 14:00:00,0.0,0,0.0,0.0,0.0
1644238800000,2022 02 07 14:00:00,1.181,1.193,1.179,1.188,7882764.0,1644242400000,2022 02 07 15:00:00,0.0,0,0.0,0.0,0.0
1644242400000,2022 02 07 15:00:00,1.189,1.208,1.183,1.203,2.4938586E7,1644246000000,2022 02 07 16:00:00,0.0,0,0.0,0.0,0.0
1644246000000,2022 02 07 16:00:00,1.204,1.207,1.184,1.204,1.741724E7,1644249600000,2022 02 07 17:00:00,0.0,0,0.0,0.0,0.0
1644249600000,2022 02 07 17:00:00,1.204,1.209,1.185,1.19,2.3988816E7,1644253200000,2022 02 07 18:00:00,0.0,0,0.0,0.0,0.0
1644253200000,2022 02 07 18:00:00,1.19,1.202,1.177,1.199,1.8389736E7,1644256800000,2022 02 07 19:00:00,0.0,0,0.0,0.0,0.0
1644256800000,2022 02 07 19:00:00,1.199,1.201,1.173,1.18,2.0150814E7,1644260400000,2022 02 07 20:00:00,0.0,0,0.0,0.0,0.0
1644260400000,2022 02 07 20:00:00,1.18,1.194,1.177,1.186,9220070.0,1644264000000,2022 02 07 21:00:00,0.0,0,0.0,0.0,0.0
1644264000000,2022 02 07 21:00:00,1.186,1.195,1.181,1.189,7337258.5,1644267600000,2022 02 07 22:00:00,0.0,0,0.0,0.0,0.0
1644267600000,2022 02 07 22:00:00,1.19,1.192,1.18,1.188,6054169.5,1644271200000,2022 02 07 23:00:00,0.0,0,0.0,0.0,0.0
1644271200000,2022 02 07 23:00:00,1.188,1.207,1.186,1.204,8881679.0,1644274800000,2022 02 08 00:00:00,0.0,0,0.0,0.0,0.0
1644274800000,2022 02 08 00:00:00,1.203,1.208,1.189,1.199,6972873.5,1644278400000,2022 02 08 01:00:00,0.0,0,0.0,0.0,0.0
1644278400000,2022 02 08 01:00:00,1.198,1.254,1.184,1.236,2.994412E7,1644282000000,2022 02 08 02:00:00,0.0,0,0.0,0.0,0.0
1644282000000,2022 02 08 02:00:00,1.236,1.251,1.234,1.251,1.2328997E7,1644285600000,2022 02 08 03:00:00,0.0,0,0.0,0.0,0.0
1644285600000,2022 02 08 03:00:00,1.25,1.251,1.228,1.235,1.0720933E7,1644289200000,2022 02 08 04:00:00,0.0,0,0.0,0.0,0.0
1644289200000,2022 02 08 04:00:00,1.236,1.241,1.225,1.241,7520619.0,1644292800000,2022 02 08 05:00:00,0.0,0,0.0,0.0,0.0
1644292800000,2022 02 08 05:00:00,1.241,1.242,1.229,1.24,7154004.5,1644296400000,2022 02 08 06:00:00,0.0,0,0.0,0.0,0.0
1644296400000,2022 02 08 06:00:00,1.241,1.248,1.237,1.245,8162085.0,1644300000000,2022 02 08 07:00:00,0.0,0,0.0,0.0,0.0
1644300000000,2022 02 08 07:00:00,1.245,1.263,1.213,1.231,2.3323724E7,1644303600000,2022 02 08 08:00:00,0.0,0,0.0,0.0,0.0
1644303600000,2022 02 08 08:00:00,1.23,1.239,1.216,1.231,8096254.0,1644307200000,2022 02 08 09:00:00,0.0,0,0.0,0.0,0.0
1644307200000,2022 02 08 09:00:00,1.232,1.237,1.185,1.189,2.4017796E7,1644310800000,2022 02 08 10:00:00,0.0,0,0.0,0.0,0.0
1644310800000,2022 02 08 10:00:00,1.189,1.198,1.167,1.188,1.6345025E7,1644314400000,2022 02 08 11:00:00,0.0,0,0.0,0.0,0.0
1644314400000,2022 02 08 11:00:00,1.187,1.191,1.175,1.186,7626352.5,1644318000000,2022 02 08 12:00:00,0.0,0,0.0,0.0,0.0
1644318000000,2022 02 08 12:00:00,1.186,1.203,1.181,1.199,7448612.0,1644321600000,2022 02 08 13:00:00,0.0,0,0.0,0.0,0.0
1644321600000,2022 02 08 13:00:00,1.199,1.199,1.166,1.176,1.4392129E7,1644325200000,2022 02 08 14:00:00,0.0,0,0.0,0.0,0.0
1644325200000,2022 02 08 14:00:00,1.176,1.184,1.167,1.183,7659683.5,1644328800000,2022 02 08 15:00:00,0.0,0,0.0,0.0,0.0
1644328800000,2022 02 08 15:00:00,1.182,1.187,1.175,1.175,6014572.5,1644332400000,2022 02 08 16:00:00,0.0,0,0.0,0.0,0.0
1644332400000,2022 02 08 16:00:00,1.176,1.176,1.151,1.167,1.4542803E7,1644336000000,2022 02 08 17:00:00,0.0,0,0.0,0.0,0.0
1644336000000,2022 02 08 17:00:00,1.166,1.172,1.147,1.152,8184225.5,1644339600000,2022 02 08 18:00:00,0.0,0,0.0,0.0,0.0
1644339600000,2022 02 08 18:00:00,1.151,1.157,1.137,1.146,1.2822188E7,1644343200000,2022 02 08 19:00:00,0.0,0,0.0,0.0,0.0
1644343200000,2022 02 08 19:00:00,1.146,1.153,1.137,1.145,7159518.0,1644346800000,2022 02 08 20:00:00,0.0,0,0.0,0.0,0.0
1644346800000,2022 02 08 20:00:00,1.145,1.148,1.133,1.141,7756439.0,1644350400000,2022 02 08 21:00:00,0.0,0,0.0,0.0,0.0
1644350400000,2022 02 08 21:00:00,1.141,1.171,1.139,1.168,1.25522E7,1644354000000,2022 02 08 22:00:00,0.0,0,0.0,0.0,0.0
1644354000000,2022 02 08 22:00:00,1.168,1.171,1.157,1.168,6823380.0,1644357600000,2022 02 08 23:00:00,0.0,0,0.0,0.0,0.0
1644357600000,2022 02 08 23:00:00,1.167,1.175,1.16,1.174,4442036.5,1644361200000,2022 02 09 00:00:00,0.0,0,0.0,0.0,0.0
1644361200000,2022 02 09 00:00:00,1.174,1.183,1.173,1.176,6597333.0,1644364800000,2022 02 09 01:00:00,0.0,0,0.0,0.0,0.0
1644364800000,2022 02 09 01:00:00,1.176,1.185,1.171,1.181,5441987.5,1644368400000,2022 02 09 02:00:00,0.0,0,0.0,0.0,0.0
1644368400000,2022 02 09 02:00:00,1.181,1.182,1.167,1.168,4560442.0,1644372000000,2022 02 09 03:00:00,0.0,0,0.0,0.0,0.0
1644372000000,2022 02 09 03:00:00,1.169,1.173,1.152,1.159,8120095.0,1644375600000,2022 02 09 04:00:00,0.0,0,0.0,0.0,0.0
1644375600000,2022 02 09 04:00:00,1.159,1.163,1.152,1.153,3811846.5,1644379200000,2022 02 09 05:00:00,0.0,0,0.0,0.0,0.0
1644379200000,2022 02 09 05:00:00,1.154,1.18,1.153,1.169,8353535.5,1644382800000,2022 02 09 06:00:00,0.0,0,0.0,0.0,0.0
1644382800000,2022 02 09 06:00:00,1.169,1.183,1.159,1.174,6739402.0,1644386400000,2022 02 09 07:00:00,0.0,0,0.0,0.0,0.0
1644386400000,2022 02 09 07:00:00,1.175,1.191,1.173,1.182,5494121.0,1644390000000,2022 02 09 08:00:00,0.0,0,0.0,0.0,0.0
1644390000000,2022 02 09 08:00:00,1.183,1.19,1.176,1.186,4360819.0,1644393600000,2022 02 09 09:00:00,0.0,0,0.0,0.0,0.0
1644393600000,2022 02 09 09:00:00,1.187,1.19,1.171,1.18,4576970.5,1644397200000,2022 02 09 10:00:00,0.0,0,0.0,0.0,0.0
1644397200000,2022 02 09 10:00:00,1.18,1.186,1.177,1.179,2877810.0,1644400800000,2022 02 09 11:00:00,0.0,0,0.0,0.0,0.0
1644400800000,2022 02 09 11:00:00,1.179,1.191,1.177,1.187,3534467.2,1644404400000,2022 02 09 12:00:00,0.0,0,0.0,0.0,0.0
1644404400000,2022 02 09 12:00:00,1.186,1.197,1.181,1.193,5088016.0,1644408000000,2022 02 09 13:00:00,0.0,0,0.0,0.0,0.0
1644408000000,2022 02 09 13:00:00,1.194,1.215,1.19,1.206,1.2814783E7,1644411600000,2022 02 09 14:00:00,0.0,0,0.0,0.0,0.0
1644411600000,2022 02 09 14:00:00,1.207,1.213,1.201,1.203,7892489.0,1644415200000,2022 02 09 15:00:00,0.0,0,0.0,0.0,0.0
1644415200000,2022 02 09 15:00:00,1.204,1.206,1.196,1.197,6630091.0,1644418800000,2022 02 09 16:00:00,0.0,0,0.0,0.0,0.0
1644418800000,2022 02 09 16:00:00,1.198,1.203,1.192,1.195,6170367.0,1644422400000,2022 02 09 17:00:00,0.0,0,0.0,0.0,0.0
1644422400000,2022 02 09 17:00:00,1.195,1.205,1.186,1.204,7380120.0,1644426000000,2022 02 09 18:00:00,0.0,0,0.0,0.0,0.0
1644426000000,2022 02 09 18:00:00,1.204,1.213,1.198,1.202,7158924.5,1644429600000,2022 02 09 19:00:00,0.0,0,0.0,0.0,0.0
1644429600000,2022 02 09 19:00:00,1.201,1.203,1.193,1.2,4013266.0,1644433200000,2022 02 09 20:00:00,0.0,0,0.0,0.0,0.0
1644433200000,2022 02 09 20:00:00,1.2,1.212,1.2,1.207,6657499.5,1644436800000,2022 02 09 21:00:00,0.0,0,0.0,0.0,0.0
1644436800000,2022 02 09 21:00:00,1.207,1.212,1.202,1.21,4442453.5,1644440400000,2022 02 09 22:00:00,0.0,0,0.0,0.0,0.0
1644440400000,2022 02 09 22:00:00,1.21,1.212,1.2,1.205,3764324.0,1644444000000,2022 02 09 23:00:00,0.0,0,0.0,0.0,0.0
1644444000000,2022 02 09 23:00:00,1.204,1.207,1.196,1.202,3209532.5,1644447600000,2022 02 10 00:00:00,0.0,0,0.0,0.0,0.0
1644447600000,2022 02 10 00:00:00,1.202,1.204,1.191,1.195,3997404.0,1644451200000,2022 02 10 01:00:00,0.0,0,0.0,0.0,0.0
1644451200000,2022 02 10 01:00:00,1.194,1.195,1.184,1.187,4791248.0,1644454800000,2022 02 10 02:00:00,0.0,0,0.0,0.0,0.0
1644454800000,2022 02 10 02:00:00,1.188,1.193,1.184,1.188,2290873.5,1644458400000,2022 02 10 03:00:00,0.0,0,0.0,0.0,0.0
1644458400000,2022 02 10 03:00:00,1.188,1.195,1.172,1.173,4740331.5,1644462000000,2022 02 10 04:00:00,0.0,0,0.0,0.0,0.0
1644462000000,2022 02 10 04:00:00,1.173,1.179,1.167,1.176,4688933.5,1644465600000,2022 02 10 05:00:00,0.0,0,0.0,0.0,0.0
1644465600000,2022 02 10 05:00:00,1.176,1.182,1.171,1.177,3344278.0,1644469200000,2022 02 10 06:00:00,0.0,0,0.0,0.0,0.0
1644469200000,2022 02 10 06:00:00,1.177,1.179,1.173,1.175,2714142.5,1644472800000,2022 02 10 07:00:00,0.0,0,0.0,0.0,0.0
1644472800000,2022 02 10 07:00:00,1.175,1.179,1.17,1.174,2423079.5,1644476400000,2022 02 10 08:00:00,0.0,0,0.0,0.0,0.0
1644476400000,2022 02 10 08:00:00,1.174,1.189,1.173,1.186,3555550.8,1644480000000,2022 02 10 09:00:00,0.0,0,0.0,0.0,0.0
1644480000000,2022 02 10 09:00:00,1.185,1.19,1.182,1.187,3103762.5,1644483600000,2022 02 10 10:00:00,0.0,0,0.0,0.0,0.0
1644483600000,2022 02 10 10:00:00,1.187,1.191,1.181,1.19,3016590.5,1644487200000,2022 02 10 11:00:00,0.0,0,0.0,0.0,0.0
1644487200000,2022 02 10 11:00:00,1.189,1.198,1.188,1.194,5439391.0,1644490800000,2022 02 10 12:00:00,0.0,0,0.0,0.0,0.0
1644490800000,2022 02 10 12:00:00,1.195,1.225,1.191,1.208,1.763008E7,1644494400000,2022 02 10 13:00:00,0.0,0,0.0,0.0,0.0
1644494400000,2022 02 10 13:00:00,1.209,1.215,1.196,1.204,7241239.0,1644498000000,2022 02 10 14:00:00,0.0,0,0.0,0.0,0.0
1644498000000,2022 02 10 14:00:00,1.204,1.213,1.155,1.161,2.3614676E7,1644501600000,2022 02 10 15:00:00,0.0,0,0.0,0.0,0.0
1644501600000,2022 02 10 15:00:00,1.161,1.194,1.146,1.192,1.9327822E7,1644505200000,2022 02 10 16:00:00,0.0,0,0.0,0.0,0.0
1644505200000,2022 02 10 16:00:00,1.192,1.211,1.185,1.192,2.342778E7,1644508800000,2022 02 10 17:00:00,0.0,0,0.0,0.0,0.0
1644508800000,2022 02 10 17:00:00,1.191,1.203,1.189,1.2,8044945.0,1644512400000,2022 02 10 18:00:00,0.0,0,0.0,0.0,0.0
1644512400000,2022 02 10 18:00:00,1.2,1.2,1.198,1.198,56920.5,1644516000000,2022 02 10 19:00:00,0.0,0,0.0,0.0,0.0
